10	3 + √2 / 2
18	7 / 2 + √7 / 2
5	2 + √2 / 2
19	3 + 4 * √2 / 3
26	7 / 2 + 3 * √2 / 2
27	5 + √2 / 2
38	6 + √2 / 2
40	4 + 2 * √2
52	7 + √2 / 2
53	13 / 2 + √7 / 2
66	3 + 4 * √2
65	5 + 5 * √2 / 2
67	8 + √2 / 2
84	9 + √2 / 2
82	6 + 5 * √2 / 2
85	11 / 2 + 3 * √2
86	17 / 2 + √7 / 2
89	5 + 7 * √2 / 2
101	7 + 5 * √2 / 2
104	10 + √2 / 2
109	6 + 7 * √2 / 2
122	8 + 5 * √2 / 2
124	6 + 4 * √2
125	11 + √2 / 2
127	21 / 2 + √7 / 2
145	9 + 5 * √2 / 2
147	7 + 4 * √2
148	7 + 4 * √2
149	12 + √2 / 2
150	5 + 11 * √2 / 2
151	23 / 2 + √7 / 2
170	10 + 5 * √2 / 2
173	8 + 4 * √2
174	13 + √2 / 2
175	6 + 11 * √2 / 2
176	25 / 2 + √7 / 2
197	11 + 5 * √2 / 2
200	9 + 4 * √2
201	14 + √2 / 2
202	2 + 9 * √2
203	7 + 11 * √2 / 2
204	27 / 2 + √7 / 2
226	12 + 5 * √2 / 2
227	17 / 2 + 5 * √2
229	10 + 4 * √2
231	15 + √2 / 2
232	8 + 11 * √2 / 2
233	8 + 11 * √2 / 2
234	29 / 2 + √7 / 2
257	13 + 5 * √2 / 2
258	19 / 2 + 5 * √2
260	11 + 4 * √2
262	16 + √2 / 2
264	9 + 11 * √2 / 2
265	9 + 11 * √2 / 2
290	14 + 5 * √2 / 2
291	14 + 5 * √2 / 2
294	12 + 4 * √2
295	17 + √2 / 2
296	17 + √2 / 2
298	10 + 11 * √2 / 2
299	33 / 2 + √7 / 2
5	2 + √2 / 2
5	2 + √2 / 2
10	3 + √2 / 2
18	7 / 2 + √7 / 2
19	3 + 4 * √2 / 3
26	7 / 2 + 3 * √2 / 2
27	5 + √2 / 2
38	6 + √2 / 2
40	4 + 2 * √2
52	7 + √2 / 2
53	13 / 2 + √7 / 2
65	5 + 5 * √2 / 2
66	3 + 4 * √2
67	8 + √2 / 2
82	6 + 5 * √2 / 2
84	9 + √2 / 2
85	11 / 2 + 3 * √2
86	17 / 2 + √7 / 2
89	5 + 7 * √2 / 2
101	7 + 5 * √2 / 2
104	10 + √2 / 2
109	6 + 7 * √2 / 2
122	8 + 5 * √2 / 2
124	6 + 4 * √2
125	11 + √2 / 2
127	21 / 2 + √7 / 2
145	9 + 5 * √2 / 2
147	7 + 4 * √2
148	7 + 4 * √2
149	12 + √2 / 2
150	5 + 11 * √2 / 2
151	23 / 2 + √7 / 2
170	10 + 5 * √2 / 2
173	8 + 4 * √2
174	13 + √2 / 2
175	6 + 11 * √2 / 2
176	25 / 2 + √7 / 2
197	11 + 5 * √2 / 2
200	9 + 4 * √2
201	14 + √2 / 2
202	2 + 9 * √2
203	7 + 11 * √2 / 2
204	27 / 2 + √7 / 2
226	12 + 5 * √2 / 2
227	17 / 2 + 5 * √2
229	10 + 4 * √2
231	15 + √2 / 2
232	8 + 11 * √2 / 2
234	29 / 2 + √7 / 2
233	8 + 11 * √2 / 2
257	13 + 5 * √2 / 2
258	19 / 2 + 5 * √2
260	11 + 4 * √2
262	16 + √2 / 2
264	9 + 11 * √2 / 2
265	9 + 11 * √2 / 2
290	14 + 5 * √2 / 2
291	14 + 5 * √2 / 2
294	12 + 4 * √2
295	17 + √2 / 2
296	17 + √2 / 2
298	10 + 11 * √2 / 2
299	33 / 2 + √7 / 2
