5	2	1	0	21	ok
11	8	1	0	28	ok
28	6	2	0	36	ok
37	8	2	0	37	ok
2	1	1	0	21	ok
1	1	1	0	21	ok
3	1	1	0	21	ok
4	1	1	0	22	ok
6	1	1	0	22	ok
7	1	1	0	23	ok
8	1	1	0	24	ok
9	1	1	0	23	ok
10	2	1	0	24	ok
12	1	1	0	25	ok
13	1	1	0	26	ok
14	1	1	0	26	ok
15	1	1	0	27	ok
16	1	1	0	27	ok
18	2	1	0	27	ok
19	2	1	0	27	ok
20	1	1	0	29	ok
21	1	1	0	29	ok
22	1	1	0	30	ok
23	1	1	0	31	ok
24	1	1	0	32	ok
25	1	1	0	32	ok
17	18	1	7	156	ok
26	2	2	0	32	ok
27	2	2	0	32	ok
30	1	2	0	34	ok
31	1	2	0	33	ok
32	1	2	0	34	ok
33	1	2	0	35	ok
34	1	2	0	35	ok
35	1	2	0	35	ok
36	1	2	0	35	ok
38	2	2	0	35	ok
39	5	2	0	35	ok
40	2	2	0	35	ok
42	1	2	0	36	ok
43	1	2	0	35	ok
44	1	2	0	37	ok
45	1	2	0	37	ok
46	1	2	0	37	ok
47	1	2	0	37	ok
48	1	2	0	37	ok
49	1	2	0	38	ok
50	1	2	0	36	ok
52	2	3	0	41	ok
54	4	3	0	44	ok
56	1	3	0	46	ok
57	1	3	0	48	ok
58	1	3	0	47	ok
59	1	3	0	49	ok
60	1	3	0	45	ok
61	1	3	0	45	ok
62	1	3	0	44	ok
63	1	3	0	46	ok
64	1	3	0	46	ok
65	2	3	0	51	ok
66	2	3	0	46	ok
67	2	3	0	49	ok
70	4	3	1	59	ok
72	1	3	0	53	ok
73	1	3	0	53	ok
74	1	3	0	55	ok
75	1	3	0	54	ok
76	1	4	0	55	ok
77	1	4	0	51	ok
78	1	4	0	51	ok
79	1	4	0	51	ok
80	1	4	0	52	ok
81	1	4	0	52	ok
82	2	4	1	52	ok
84	2	4	1	52	ok
85	2	4	1	58	ok
86	2	4	1	54	ok
89	2	4	1	62	ok
90	1	4	0	55	ok
91	1	4	1	57	ok
92	1	4	1	57	ok
93	1	4	1	57	ok
94	1	4	1	57	ok
95	1	4	1	58	ok
96	1	4	1	58	ok
97	1	4	1	58	ok
98	1	4	1	57	ok
99	1	4	1	58	ok
100	1	4	1	58	ok
101	2	5	1	62	ok
104	2	5	1	63	ok
102	8	5	2	74	ok
107	4	5	1	69	ok
109	2	5	1	71	ok
111	1	5	1	68	ok
112	1	5	1	67	ok
113	1	5	1	69	ok
114	1	5	1	69	ok
115	1	5	1	70	ok
116	1	5	1	72	ok
117	1	5	1	73	ok
118	1	5	1	74	ok
119	1	5	1	75	ok
120	1	5	1	75	ok
121	1	5	1	77	ok
122	2	5	1	79	ok
124	2	5	1	84	ok
125	2	5	1	78	ok
127	2	6	1	80	ok
133	1	6	1	83	ok
134	1	6	1	84	ok
135	1	6	1	85	ok
136	1	6	1	86	ok
137	1	6	1	87	ok
138	1	6	1	88	ok
139	1	6	1	88	ok
140	1	6	1	89	ok
141	1	6	1	90	ok
142	1	6	1	90	ok
143	1	6	1	92	ok
144	1	6	1	90	ok
145	2	6	1	88	ok
147	2	6	1	96	ok
148	2	6	1	96	ok
146	16	6	18	165	chunks failed [4, 5] (rc [-15, -15])
149	2	6	1	91	ok
150	2	6	1	91	ok
151	2	7	1	96	ok
153	4	7	1	103	ok
157	1	7	1	100	ok
158	1	7	1	100	ok
159	1	7	1	100	ok
160	1	7	1	101	ok
161	1	7	1	104	ok
162	1	7	1	104	ok
163	1	7	1	105	ok
164	1	7	1	106	ok
165	1	7	1	111	ok
166	1	7	1	116	ok
167	1	7	1	114	ok
168	1	7	1	117	ok
169	1	7	1	119	ok
170	2	7	1	124	ok
171	1	7	1	120	ok
173	2	7	1	128	ok
174	2	7	1	123	ok
175	2	7	2	137	ok
176	2	8	1	126	ok
178	4	8	1	135	ok
183	1	8	1	132	ok
184	1	8	1	132	ok
185	1	8	1	132	ok
186	1	8	1	127	ok
187	1	8	1	129	ok
188	1	8	1	130	ok
189	1	8	1	137	ok
190	1	8	1	137	ok
191	1	8	1	138	ok
192	1	8	1	139	ok
193	1	8	1	139	ok
194	1	8	1	141	ok
195	1	8	1	140	ok
196	1	8	1	140	ok
197	2	8	1	135	ok
198	1	8	1	129	ok
200	2	8	2	137	ok
201	2	9	1	132	ok
202	2	9	1	131	ok
203	2	9	2	140	ok
204	2	9	1	135	ok
212	1	9	1	142	ok
213	1	9	1	145	ok
214	1	9	1	143	ok
215	1	9	1	145	ok
216	1	9	1	146	ok
217	1	9	1	150	ok
218	1	9	1	149	ok
219	1	9	1	151	ok
220	1	9	1	154	ok
221	1	9	1	152	ok
222	1	9	1	153	ok
223	1	9	1	155	ok
224	1	9	1	163	ok
225	1	9	1	165	ok
226	2	10	2	167	ok
227	2	10	2	180	ok
229	2	10	2	180	ok
230	1	10	1	170	ok
231	2	10	2	175	ok
232	2	10	2	189	ok
233	2	10	2	189	ok
234	2	10	2	177	ok
242	1	10	2	186	ok
243	1	10	2	190	ok
244	1	10	2	190	ok
245	1	10	2	193	ok
246	1	10	2	193	ok
247	1	10	2	194	ok
248	1	10	2	194	ok
249	1	10	2	194	ok
250	1	10	2	194	ok
251	1	11	2	195	ok
252	1	11	2	198	ok
253	1	11	2	199	ok
254	1	11	2	200	ok
255	1	11	2	201	ok
256	1	11	2	201	ok
257	2	11	2	208	ok
258	2	11	2	213	ok
260	2	11	2	215	ok
261	1	11	2	206	ok
262	2	11	2	212	ok
264	2	11	2	227	ok
265	2	11	2	227	ok
267	4	11	2	229	ok
274	1	11	2	230	ok
275	1	11	2	228	ok
276	1	12	2	229	ok
277	1	12	2	229	ok
278	1	12	2	229	ok
279	1	12	2	231	ok
280	1	12	2	237	ok
281	1	12	2	231	ok
282	1	12	2	231	ok
283	1	12	2	222	ok
284	1	12	2	222	ok
285	1	12	2	221	ok
286	1	12	2	221	ok
287	1	12	2	223	ok
288	1	12	2	227	ok
289	1	12	2	227	ok
290	2	12	2	226	ok
294	2	12	2	25	ok
291	2	12	2	227	ok
293	1	12	2	221	ok
295	2	12	2	228	ok
296	2	12	2	229	ok
298	2	12	2	242	ok
299	2	12	2	232	ok
308	1	13	2	247	ok
309	1	13	2	248	ok
310	1	13	2	249	ok
311	1	13	2	251	ok
312	1	13	2	252	ok
313	1	13	2	253	ok
314	1	13	2	256	ok
315	1	13	2	256	ok
316	1	13	2	261	ok
317	1	13	2	261	ok
318	1	13	2	263	ok
319	1	13	2	263	ok
320	1	13	2	264	ok
321	1	13	2	265	ok
322	1	13	2	267	ok
323	1	13	2	267	ok
324	1	13	2	259	ok
53	4	6	4	50	ok
146	16	15	17	262	ok
129	20	13	31	329	glue failed
129	20	13	31	105	ok
5	2	1	0	5	data failed
10	2	1	0	33	glue failed
18	2	1	0	37	glue failed
18	2	1	0	20	ok
10	2	1	0	20	ok
5	2	1	0	28	ok
10	2	1	0	14	ok
18	2	1	0	14	ok
5	2	1	0	14	ok
19	2	1	0	31	ok
26	2	2	0	36	ok
27	2	2	0	36	ok
38	2	2	0	39	ok
40	2	2	0	38	ok
52	2	3	0	44	ok
53	4	3	4	54	ok
66	2	3	0	49	ok
65	2	3	1	55	ok
67	2	3	0	47	ok
84	2	4	1	56	ok
82	2	4	1	58	ok
85	2	4	1	65	ok
86	2	4	1	61	ok
89	2	4	1	71	ok
101	2	5	1	76	ok
104	2	5	1	77	ok
109	2	5	1	89	ok
122	2	5	1	92	ok
124	2	5	1	98	ok
125	2	5	1	91	ok
127	2	6	1	92	ok
145	2	6	1	99	ok
147	2	6	1	106	ok
148	2	6	1	104	ok
149	2	6	1	98	ok
150	2	6	1	96	ok
151	2	7	1	106	ok
170	2	7	1	127	ok
173	2	7	1	133	ok
174	2	7	1	121	ok
175	2	7	2	133	ok
176	2	8	1	125	ok
197	2	8	1	139	ok
200	2	8	2	147	ok
201	2	9	1	145	ok
202	2	9	1	144	ok
203	2	9	2	155	ok
204	2	9	1	148	ok
226	2	10	2	173	ok
227	2	10	2	183	ok
229	2	10	2	182	ok
231	2	10	2	178	ok
232	2	10	2	200	ok
233	2	10	2	204	ok
234	2	10	2	210	ok
257	2	11	3	265	ok
258	2	11	4	269	ok
260	2	11	3	269	ok
262	2	11	3	256	ok
264	2	11	3	270	ok
265	2	11	3	271	ok
290	2	12	3	306	ok
291	2	12	3	306	ok
294	2	12	4	309	ok
295	2	12	3	292	ok
296	2	12	3	298	ok
298	2	12	5	306	ok
299	2	12	4	286	ok
